fold,accuracy,precision,recall,f1_critical,macro_f1,auc
1,0.9991096413126431,1.0,1.0,1.0,0.9990518338977253,1.0
2,0.999236835410837,1.0,0.9973544973544973,0.9986754966887417,0.9983607115092994,0.9999978790732399
3,0.999236835410837,1.0,0.9973544973544973,0.9986754966887417,0.9987748718428572,1.0
4,0.9988552531162554,0.9973544973544973,0.9973544973544973,0.9973544973544973,0.9980335321942987,0.9997999259089585
5,0.9983462663783234,1.0,0.9867724867724867,0.9933422103861518,0.9953258186000115,0.9999713636623966
TEST_30pct,0.9990123456790123,1.0,0.9878048780487805,0.9938650306748467,0.9960252518747333,1.0
REALTIME_GROUNDTRUTH,0.7824548991864166,0.3882978723404255,1.0,0.5593869731800766,0.47934225834699246,1.0
