fold,accuracy,precision,recall,f1_critical,macro_f1,auc
1,0.9990740740740741,1.0,1.0,1.0,0.9990534430096373,1.0
2,0.9992592592592593,1.0,0.9908256880733946,0.9953917050691244,0.9977258385919089,1.0
3,0.9991666666666666,1.0,0.9908256880733946,0.9953917050691244,0.9976867355971617,1.0
4,0.9989814814814815,1.0,1.0,1.0,0.9989586145564834,1.0
5,0.9993518518518518,1.0,1.0,1.0,0.9993368598932278,1.0
